"Data Source","世界发展指标",

"Last Updated Date","2022-04-27",

"Country Name","Country Code","Indicator Name","Indicator Code","1960","1961","1962","1963","1964","1965","1966","1967","1968","1969","1970","1971","1972","1973","1974","1975","1976","1977","1978","1979","1980","1981","1982","1983","1984","1985","1986","1987","1988","1989","1990","1991","1992","1993","1994","1995","1996","1997","1998","1999","2000","2001","2002","2003","2004","2005","2006","2007","2008","2009","2010","2011","2012","2013","2014","2015","2016","2017","2018","2019","2020","2021",
"阿鲁巴","ABW","DPT 免疫接种率（占 12 - 23 个月年龄组的百分比）","SH.IMM.IDPT","","","","","","","","","","","","","","","","","","","","","","","","","","","","","","","","","","","","","","","","","","","","","","","","","","","","","","","","","","","","","","",
"","AFE","DPT 免疫接种率（占 12 - 23 个月年龄组的百分比）","SH.IMM.IDPT","","","","","","","","","","","","","","","","","","","","","","","","","","","","","","","","","","","","","","","","","","","","","","","","","","","","","","","","","","","","","","",
"阿富汗","AFG","DPT 免疫接种率（占 12 - 23 个月年龄组的百分比）","SH.IMM.IDPT","","","","","","","","","","","","","","","","","","","","","4","3","5","5","16","15","11","25","35","33","25","23","21","18","12","20","31","28","27","27","24","33","36","41","50","58","58","63","64","63","66","68","67","64","62","64","66","66","72","72","70","",
"","AFW","DPT 免疫接种率（占 12 - 23 个月年龄组的百分比）","SH.IMM.IDPT","","","","","","","","","","","","","","","","","","","","","","","","","","","","","","","","","","","","","","","","","","","","","","","","","","","","","","","","","","","","","","",
"安哥拉","AGO","DPT 免疫接种率（占 12 - 23 个月年龄组的百分比）","SH.IMM.IDPT","","","","","","","","","","","","","","","","","","","","","","","","6","8","8","10","10","12","18","24","26","21","30","27","24","28","41","47","21","31","42","47","46","47","47","44","48","49","50","51","52","53","54","55","59","59","56","63","57","51","",
"阿尔巴尼亚","ALB","DPT 免疫接种率（占 12 - 23 个月年龄组的百分比）","SH.IMM.IDPT","","","","","","","","","","","","","","","","","","","","","94","94","95","95","95","96","96","96","96","94","94","78","94","96","99","97","98","99","96","97","97","97","98","97","97","98","97","98","99","98","99","99","99","99","98","99","98","99","99","99","98","",
"安道尔共和国","AND","DPT 免疫接种率（占 12 - 23 个月年龄组的百分比）","SH.IMM.IDPT","","","","","","","","","","","","","","","","","","","","","","","","","","","","","","","","","","","","","","90","89","90","98","96","97","99","99","98","93","96","99","99","99","99","99","96","97","97","98","99","99","99","99","",
"阿拉伯联盟国家","ARB","DPT 免疫接种率（占 12 - 23 个月年龄组的百分比）","SH.IMM.IDPT","","","","","","","","","","","","","","","","","","","","","","","","","","","","","","","","","","","","","","","","","","","","","","","","","","","","","","","","","","","","","","",
"阿拉伯联合酋长国","ARE","DPT 免疫接种率（占 12 - 23 个月年龄组的百分比）","SH.IMM.IDPT","","","","","","","","","","","","","","","","","","","","","11","45","43","50","59","76","78","80","82","84","85","85","86","90","90","90","90","92","94","94","94","94","94","94","94","94","92","92","92","93","94","95","96","98","99","99","99","97","99","99","90","",
"阿根廷","ARG","DPT 免疫接种率（占 12 - 23 个月年龄组的百分比）","SH.IMM.IDPT","","","","","","","","","","","","","","","","","","","","","44","49","58","61","62","66","67","75","80","80","87","80","81","81","82","85","83","88","84","86","83","83","93","96","98","98","91","91","93","94","94","91","91","94","94","94","92","86","86","83","74","",
"亚美尼亚","ARM","DPT 免疫接种率（占 12 - 23 个月年龄组的百分比）","SH.IMM.IDPT","","","","","","","","","","","","","","","","","","","","","","","","","","","","","","","","","85","85","86","98","86","88","82","91","93","94","94","94","91","90","87","88","89","93","94","95","95","95","93","94","94","94","92","92","91","",
"美属萨摩亚","ASM","DPT 免疫接种率（占 12 - 23 个月年龄组的百分比）","SH.IMM.IDPT","","","","","","","","","","","","","","","","","","","","","","","","","","","","","","","","","","","","","","","","","","","","","","","","","","","","","","","","","","","","","","",
"安提瓜和巴布达","ATG","DPT 免疫接种率（占 12 - 23 个月年龄组的百分比）","SH.IMM.IDPT","","","","","","","","","","","","","","","","","","","","","54","79","79","99","94","99","96","97","98","99","99","94","99","99","99","99","99","99","99","99","95","97","98","99","97","99","99","99","99","99","98","99","98","99","99","99","92","95","95","95","96","",
"澳大利亚","AUS","DPT 免疫接种率（占 12 - 23 个月年龄组的百分比）","SH.IMM.IDPT","","","","","","","","","","","","","","","","","","","","","33","40","48","55","62","68","75","81","88","93","95","93","91","90","88","86","86","77","82","88","90","92","92","93","92","92","92","92","92","92","92","92","92","91","92","93","94","95","95","95","95","",
"奥地利","AUT","DPT 免疫接种率（占 12 - 23 个月年龄组的百分比）","SH.IMM.IDPT","","","","","","","","","","","","","","","","","","","","","90","90","90","90","90","90","90","90","90","90","90","90","90","90","90","90","90","90","82","74","81","84","83","84","83","86","83","85","83","83","86","89","92","95","98","93","87","90","85","85","85","",
"阿塞拜疆","AZE","DPT 免疫接种率（占 12 - 23 个月年龄组的百分比）","SH.IMM.IDPT","","","","","","","","","","","","","","","","","","","","","","","","","","","","","","","","","58","66","69","74","74","70","73","75","76","77","76","77","77","75","78","79","81","81","81","87","89","93","94","96","97","95","95","94","79","",
"布隆迪","BDI","DPT 免疫接种率（占 12 - 23 个月年龄组的百分比）","SH.IMM.IDPT","","","","","","","","","","","","","","","","","","","","","","36","33","44","26","36","55","68","51","82","86","83","80","63","48","73","73","74","65","79","80","81","81","82","83","87","92","99","92","94","96","96","96","96","95","94","94","91","90","93","93","",
"比利时","BEL","DPT 免疫接种率（占 12 - 23 个月年龄组的百分比）","SH.IMM.IDPT","","","","","","","","","","","","","","","","","","","","","95","95","95","95","95","95","95","95","80","94","93","92","95","97","96","94","95","87","79","87","95","95","95","95","95","97","98","98","99","98","98","98","99","99","99","99","98","98","98","98","97","",
"贝宁","BEN","DPT 免疫接种率（占 12 - 23 个月年龄组的百分比）","SH.IMM.IDPT","","","","","","","","","","","","","","","","","","","","","","","","","","17","17","25","30","48","74","69","73","75","81","67","66","66","70","74","78","76","75","73","72","70","74","82","75","79","76","75","80","77","74","74","76","76","76","76","72","",
"布基纳法索","BFA","DPT 免疫接种率（占 12 - 23 个月年龄组的百分比）","SH.IMM.IDPT","","","","","","","","","","","","","","","","","","","","","","","","","","9","19","23","34","44","66","53","39","39","36","34","37","39","15","15","45","62","69","79","79","82","86","89","93","92","91","91","90","88","91","91","91","91","91","91","91","",
"孟加拉国","BGD","DPT 免疫接种率（占 12 - 23 个月年龄组的百分比）","SH.IMM.IDPT","","","","","","","","","","","","","","","","","","","","","","1","1","1","1","2","4","9","16","49","69","74","66","74","84","69","77","78","77","80","82","85","83","87","99","93","94","94","96","97","94","96","94","96","97","98","98","98","98","98","98","",
"保加利亚","BGR","DPT 免疫接种率（占 12 - 23 个月年龄组的百分比）","SH.IMM.IDPT","","","","","","","","","","","","","","","","","","","","","98","99","99","99","99","99","99","99","99","99","99","99","98","98","93","96","95","94","95","96","93","94","93","96","95","96","95","95","95","94","94","95","95","95","88","91","92","92","92","93","91","",
"巴林","BHR","DPT 免疫接种率（占 12 - 23 个月年龄组的百分比）","SH.IMM.IDPT","","","","","","","","","","","","","","","","","","","","","72","75","79","83","86","90","92","95","96","96","94","99","94","94","96","95","96","98","98","97","97","99","98","97","98","98","98","97","97","98","99","99","99","99","98","98","99","97","99","99","98","",
"巴哈马","BHS","DPT 免疫接种率（占 12 - 23 个月年龄组的百分比）","SH.IMM.IDPT","","","","","","","","","","","","","","","","","","","","","36","55","69","65","69","86","85","85","85","86","86","92","92","91","91","87","85","86","89","82","99","99","94","92","93","93","95","95","93","96","99","98","98","97","96","95","94","94","90","89","83","",
"波斯尼亚和黑塞哥维那","BIH","DPT 免疫接种率（占 12 - 23 个月年龄组的百分比）","SH.IMM.IDPT","","","","","","","","","","","","","","","","","","","","","","","","","","","","","","","","","58","38","82","55","67","79","89","90","85","91","80","87","84","93","87","95","91","90","89","88","92","89","86","82","78","75","73","73","","",
"白俄罗斯","BLR","DPT 免疫接种率（占 12 - 23 个月年龄组的百分比）","SH.IMM.IDPT","","","","","","","","","","","","","","","","","","","","","","","","","","","","","","","","","90","91","92","96","98","98","99","99","99","99","99","50","99","99","99","95","97","96","98","98","98","98","97","99","98","97","97","98","97","",
"伯利兹","BLZ","DPT 免疫接种率（占 12 - 23 个月年龄组的百分比）","SH.IMM.IDPT","","","","","","","","","","","","","","","","","","","","","47","44","61","59","53","58","82","85","61","79","91","82","74","85","88","83","85","86","87","87","91","96","89","96","97","96","98","96","94","97","96","95","98","95","95","94","95","88","96","98","79","",
"百慕大","BMU","DPT 免疫接种率（占 12 - 23 个月年龄组的百分比）","SH.IMM.IDPT","","","","","","","","","","","","","","","","","","","","","","","","","","","","","","","","","","","","","","","","","","","","","","","","","","","","","","","","","","","","","","",
"玻利维亚","BOL","DPT 免疫接种率（占 12 - 23 个月年龄组的百分比）","SH.IMM.IDPT","","","","","","","","","","","","","","","","","","","","","11","13","12","10","6","33","42","35","28","52","41","43","45","52","58","64","61","58","61","77","75","71","77","88","84","85","83","84","88","93","91","95","93","87","85","89","87","84","83","75","68","",
"巴西","BRA","DPT 免疫接种率（占 12 - 23 个月年龄组的百分比）","SH.IMM.IDPT","","","","","","","","","","","","","","","","","","","","","37","47","56","60","68","66","58","58","58","56","66","78","71","75","74","81","77","79","93","94","98","98","99","99","99","99","99","99","99","99","99","99","95","97","93","96","89","89","87","70","77","",
"巴巴多斯","BRB","DPT 免疫接种率（占 12 - 23 个月年龄组的百分比）","SH.IMM.IDPT","","","","","","","","","","","","","","","","","","","","","60","58","62","69","83","83","79","79","76","78","91","82","90","86","90","93","85","96","93","87","93","84","87","89","93","92","84","93","85","93","86","91","87","91","94","97","97","90","95","90","85","",
"文莱达鲁萨兰国","BRN","DPT 免疫接种率（占 12 - 23 个月年龄组的百分比）","SH.IMM.IDPT","","","","","","","","","","","","","","","","","","","","","89","94","99","85","96","88","86","85","89","91","93","95","96","99","99","99","99","99","97","92","99","97","94","92","92","94","97","99","98","99","95","97","95","99","99","99","99","99","99","99","99","",
"不丹","BTN","DPT 免疫接种率（占 12 - 23 个月年龄组的百分比）","SH.IMM.IDPT","","","","","","","","","","","","","","","","","","","","","6","13","15","16","28","41","53","63","70","76","96","91","86","79","86","87","87","87","86","90","92","88","86","95","89","95","95","95","96","93","91","95","97","97","99","99","98","98","97","97","95","",
"博茨瓦纳","BWA","DPT 免疫接种率（占 12 - 23 个月年龄组的百分比）","SH.IMM.IDPT","","","","","","","","","","","","","","","","","","","","","71","75","82","82","83","84","86","88","88","92","92","93","94","94","94","95","96","96","98","97","97","97","97","96","96","96","96","96","96","96","95","95","95","95","95","95","95","95","95","95","95","",
"中非共和国","CAF","DPT 免疫接种率（占 12 - 23 个月年龄组的百分比）","SH.IMM.IDPT","","","","","","","","","","","","","","","","","","","","","13","11","14","16","17","20","19","22","42","64","82","64","45","47","48","53","48","43","43","33","37","40","44","47","51","54","51","48","45","42","45","47","47","23","45","43","42","42","42","42","42","",
"加拿大","CAN","DPT 免疫接种率（占 12 - 23 个月年龄组的百分比）","SH.IMM.IDPT","","","","","","","","","","","","","","","","","","","","","","","","","","","","85","86","87","88","88","89","90","93","87","90","86","90","90","89","89","88","91","91","93","95","94","92","91","89","87","91","91","91","91","91","91","91","91","91","",
"中歐和波羅的海","CEB","DPT 免疫接种率（占 12 - 23 个月年龄组的百分比）","SH.IMM.IDPT","","","","","","","","","","","","","","","","","","","","","","","","","","","","","","","","","","","","","","","","","","","","","","","","","","","","","","","","","","","","","","",
"瑞士","CHE","DPT 免疫接种率（占 12 - 23 个月年龄组的百分比）","SH.IMM.IDPT","","","","","","","","","","","","","","","","","","","","","","","","","","","90","90","90","90","90","89","89","89","89","89","89","89","88","93","93","93","93","93","93","94","94","94","95","95","95","96","96","96","96","96","96","96","96","96","96","",
"海峡群岛","CHI","DPT 免疫接种率（占 12 - 23 个月年龄组的百分比）","SH.IMM.IDPT","","","","","","","","","","","","","","","","","","","","","","","","","","","","","","","","","","","","","","","","","","","","","","","","","","","","","","","","","","","","","","",
"智利","CHL","DPT 免疫接种率（占 12 - 23 个月年龄组的百分比）","SH.IMM.IDPT","","","","","","","","","","","","","","","","","","","","","93","99","99","89","99","99","90","93","96","95","95","94","90","90","94","94","91","90","90","95","91","97","97","96","93","91","94","96","95","94","92","94","90","91","95","96","95","93","95","96","93","",
"中国","CHN","DPT 免疫接种率（占 12 - 23 个月年龄组的百分比）","SH.IMM.IDPT","","","","","","","","","","","","","","","","","","","","","","","","58","73","78","78","75","95","95","97","94","91","88","85","80","83","84","84","85","85","86","86","86","87","87","93","93","97","99","99","99","99","99","99","99","99","99","99","99","99","",
"科特迪瓦","CIV","DPT 免疫接种率（占 12 - 23 个月年龄组的百分比）","SH.IMM.IDPT","","","","","","","","","","","","","","","","","","","","","","","","","19","25","30","31","31","42","54","39","49","50","50","52","55","58","58","58","65","66","64","61","67","76","77","76","74","81","78","61","82","75","73","79","87","83","86","84","80","",
"喀麦隆","CMR","DPT 免疫接种率（占 12 - 23 个月年龄组的百分比）","SH.IMM.IDPT","","","","","","","","","","","","","","","","","","","","","","5","15","25","27","33","39","44","50","56","48","42","37","37","38","46","46","48","56","59","62","63","66","73","73","80","81","82","84","80","84","82","85","89","83","78","75","74","67","67","69","",
"刚果（金）","COD","DPT 免疫接种率（占 12 - 23 个月年龄组的百分比）","SH.IMM.IDPT","","","","","","","","","","","","","","","","","","","","","","18","17","16","27","37","32","38","41","38","35","16","23","29","26","23","18","18","18","25","40","30","38","41","54","60","62","70","65","72","60","74","75","68","68","63","57","57","57","57","57","",
"刚果（布）","COG","DPT 免疫接种率（占 12 - 23 个月年龄组的百分比）","SH.IMM.IDPT","","","","","","","","","","","","","","","","","","","","","42","42","47","50","53","54","71","72","72","79","79","74","67","60","55","50","37","23","26","29","33","31","41","50","67","62","73","72","79","78","74","82","85","85","90","80","71","69","75","79","73","",
"哥伦比亚","COL","DPT 免疫接种率（占 12 - 23 个月年龄组的百分比）","SH.IMM.IDPT","","","","","","","","","","","","","","","","","","","","","16","20","26","42","61","61","48","58","74","78","88","84","78","88","85","85","85","84","73","74","79","80","81","92","89","93","93","93","92","92","88","85","91","91","90","91","91","92","92","94","88","",
"科摩罗","COM","DPT 免疫接种率（占 12 - 23 个月年龄组的百分比）","SH.IMM.IDPT","","","","","","","","","","","","","","","","","","","","","","","","","31","51","71","71","43","82","94","52","38","70","58","75","60","48","75","73","70","70","89","80","76","68","69","75","81","83","74","83","86","87","87","91","91","91","91","91","87","",
"佛得角","CPV","DPT 免疫接种率（占 12 - 23 个月年龄组的百分比）","SH.IMM.IDPT","","","","","","","","","","","","","","","","","","","","","","","","23","31","39","54","92","88","99","88","87","88","89","89","88","88","87","88","89","90","90","91","92","93","95","96","98","99","99","99","90","94","93","95","93","96","96","98","96","93","",
"哥斯达黎加","CRI","DPT 免疫接种率（占 12 - 23 个月年龄组的百分比）","SH.IMM.IDPT","","","","","","","","","","","","","","","","","","","","","86","85","81","86","93","90","89","94","87","86","95","90","90","88","88","85","85","94","85","86","88","91","94","88","90","91","89","89","90","86","88","85","91","95","91","92","97","96","94","95","95","",
"加勒比小国","CSS","DPT 免疫接种率（占 12 - 23 个月年龄组的百分比）","SH.IMM.IDPT","","","","","","","","","","","","","","","","","","","","","","","","","","","","","","","","","","","","","","","","","","","","","","","","","","","","","","","","","","","","","","",
"古巴","CUB","DPT 免疫接种率（占 12 - 23 个月年龄组的百分比）","SH.IMM.IDPT","","","","","","","","","","","","","","","","","","","","","67","68","99","99","86","91","99","87","98","96","92","99","94","99","99","99","90","99","99","95","95","98","99","72","88","89","89","93","95","96","96","97","99","99","99","99","99","99","99","99","99","",
"库拉索","CUW","DPT 免疫接种率（占 12 - 23 个月年龄组的百分比）","SH.IMM.IDPT","","","","","","","","","","","","","","","","","","","","","","","","","","","","","","","","","","","","","","","","","","","","","","","","","","","","","","","","","","","","","","",
"开曼群岛","CYM","DPT 免疫接种率（占 12 - 23 个月年龄组的百分比）","SH.IMM.IDPT","","","","","","","","","","","","","","","","","","","","","","","","","","","","","","","","","","","","","","","","","","","","","","","","","","","","","","","","","","","","","","",
"塞浦路斯","CYP","DPT 免疫接种率（占 12 - 23 个月年龄组的百分比）","SH.IMM.IDPT","","","","","","","","","","","","","","","","","","","","","34","56","26","34","30","61","91","93","90","93","93","94","94","95","95","96","98","98","98","97","97","97","98","98","98","98","97","97","97","99","99","99","99","99","99","97","97","97","99","96","","",
"捷克共和国","CZE","DPT 免疫接种率（占 12 - 23 个月年龄组的百分比）","SH.IMM.IDPT","","","","","","","","","","","","","","","","","","","","","","","","","","","","","","","","","","99","98","96","97","98","98","98","98","98","98","97","98","97","98","99","99","99","99","99","99","98","97","97","96","96","97","97","97","",
"德国","DEU","DPT 免疫接种率（占 12 - 23 个月年龄组的百分比）","SH.IMM.IDPT","","","","","","","","","","","","","","","","","","","","","","95","97","93","94","80","90","80","80","80","80","80","85","62","73","78","84","87","89","97","90","93","93","97","96","96","96","96","96","96","96","95","95","93","93","93","93","93","93","93","93","",
"吉布提","DJI","DPT 免疫接种率（占 12 - 23 个月年龄组的百分比）","SH.IMM.IDPT","","","","","","","","","","","","","","","","","","","","","","","6","14","21","22","24","25","65","77","85","53","41","41","41","41","41","32","23","23","46","53","62","68","64","71","72","88","89","89","88","87","81","82","78","84","68","76","84","85","70","",
"多米尼克","DMA","DPT 免疫接种率（占 12 - 23 个月年龄组的百分比）","SH.IMM.IDPT","","","","","","","","","","","","","","","","","","","","","63","97","99","93","84","91","93","95","96","92","92","98","99","99","99","99","99","92","99","99","99","99","98","99","99","98","95","96","96","99","98","98","97","96","97","98","99","91","94","99","97","",
"丹麦","DNK","DPT 免疫接种率（占 12 - 23 个月年龄组的百分比）","SH.IMM.IDPT","","","","","","","","","","","","","","","","","","","","","88","88","87","86","86","90","89","88","87","89","90","90","91","88","89","90","77","92","99","99","97","97","98","96","95","93","93","87","88","89","90","91","94","94","94","93","94","98","97","97","97","",
"多米尼加共和国","DOM","DPT 免疫接种率（占 12 - 23 个月年龄组的百分比）","SH.IMM.IDPT","","","","","","","","","","","","","","","","","","","","","36","27","28","29","34","39","80","80","69","58","69","71","73","75","74","72","72","73","75","83","78","72","82","79","79","87","89","85","82","82","88","84","85","83","91","85","87","84","94","89","82","",
"阿尔及利亚","DZA","DPT 免疫接种率（占 12 - 23 个月年龄组的百分比）","SH.IMM.IDPT","","","","","","","","","","","","","","","","","","","","","","","","","","69","73","79","85","87","89","89","88","88","87","88","88","89","85","83","86","89","86","87","86","88","95","95","93","95","95","95","95","95","95","95","91","91","91","91","","",
"东亚与太平洋地区（不包括高收入）","EAP","DPT 免疫接种率（占 12 - 23 个月年龄组的百分比）","SH.IMM.IDPT","","","","","","","","","","","","","","","","","","","","","","","","","","","","","","","","","","","","","","","","","","","","","","","","","","","","","","","","","","","","","","",
"早人口紅利","EAR","DPT 免疫接种率（占 12 - 23 个月年龄组的百分比）","SH.IMM.IDPT","","","","","","","","","","","","","","","","","","","","","","","","","","","","","","","","","","","","","","","","","","","","","","","","","","","","","","","","","","","","","","",
"东亚与太平洋地区","EAS","DPT 免疫接种率（占 12 - 23 个月年龄组的百分比）","SH.IMM.IDPT","","","","","","","","","","","","","","","","","","","","","","","","","","","","","","","","","","","","","","","","","","","","","","","","","","","","","","","","","","","","","","",
"欧洲与中亚地区（不包括高收入）","ECA","DPT 免疫接种率（占 12 - 23 个月年龄组的百分比）","SH.IMM.IDPT","","","","","","","","","","","","","","","","","","","","","","","","","","","","","","","","","","","","","","","","","","","","","","","","","","","","","","","","","","","","","","",
"欧洲与中亚地区","ECS","DPT 免疫接种率（占 12 - 23 个月年龄组的百分比）","SH.IMM.IDPT","","","","","","","","","","","","","","","","","","","","","","","","","","","","","","","","","","","","","","","","","","","","","","","","","","","","","","","","","","","","","","",
"厄瓜多尔","ECU","DPT 免疫接种率（占 12 - 23 个月年龄组的百分比）","SH.IMM.IDPT","","","","","","","","","","","","","","","","","","","","","10","26","35","31","48","41","44","51","54","55","68","59","87","85","84","83","82","81","85","79","87","89","88","87","88","92","96","96","96","94","91","88","87","87","83","78","83","85","85","85","70","",
"阿拉伯埃及共和国","EGY","DPT 免疫接种率（占 12 - 23 个月年龄组的百分比）","SH.IMM.IDPT","","","","","","","","","","","","","","","","","","","","","57","57","57","57","69","84","80","81","87","90","87","76","79","81","83","88","90","88","92","97","98","99","97","98","97","98","98","98","97","97","97","96","93","97","94","93","95","94","95","95","94","",
"欧洲货币联盟","EMU","DPT 免疫接种率（占 12 - 23 个月年龄组的百分比）","SH.IMM.IDPT","","","","","","","","","","","","","","","","","","","","","","","","","","","","","","","","","","","","","","","","","","","","","","","","","","","","","","","","","","","","","","",
"厄立特里亚","ERI","DPT 免疫接种率（占 12 - 23 个月年龄组的百分比）","SH.IMM.IDPT","","","","","","","","","","","","","","","","","","","","","","","","","","","","","","","","","","32","49","58","66","75","86","93","81","86","90","93","98","96","94","95","95","95","95","94","94","94","94","95","95","95","95","95","95","",
"西班牙","ESP","DPT 免疫接种率（占 12 - 23 个月年龄组的百分比）","SH.IMM.IDPT","","","","","","","","","","","","","","","","","","","","","","","","","95","79","88","77","93","93","86","86","84","87","88","90","90","94","95","95","95","96","98","98","97","96","98","96","97","96","97","97","96","96","97","97","97","95","96","96","98","",
"爱沙尼亚","EST","DPT 免疫接种率（占 12 - 23 个月年龄组的百分比）","SH.IMM.IDPT","","","","","","","","","","","","","","","","","","","","","","","","","","","","","","","","","","71","77","82","87","87","88","91","93","94","94","94","94","96","95","95","95","95","94","93","94","94","93","93","93","93","92","91","91","",
"埃塞俄比亚","ETH","DPT 免疫接种率（占 12 - 23 个月年龄组的百分比）","SH.IMM.IDPT","","","","","","","","","","","","","","","","","","","","","","3","3","4","4","6","7","16","16","26","49","21","13","28","57","57","55","55","42","28","30","33","35","38","40","44","46","50","54","58","61","65","62","59","61","63","66","68","67","68","71","",
"欧洲联盟","EUU","DPT 免疫接种率（占 12 - 23 个月年龄组的百分比）","SH.IMM.IDPT","","","","","","","","","","","","","","","","","","","","","","","","","","","","","","","","","","","","","","","","","","","","","","","","","","","","","","","","","","","","","","",
"脆弱和受衝突影響的情況下","FCS","DPT 免疫接种率（占 12 - 23 个月年龄组的百分比）","SH.IMM.IDPT","","","","","","","","","","","","","","","","","","","","","","","","","","","","","","","","","","","","","","","","","","","","","","","","","","","","","","","","","","","","","","",
"芬兰","FIN","DPT 免疫接种率（占 12 - 23 个月年龄组的百分比）","SH.IMM.IDPT","","","","","","","","","","","","","","","","","","","","","92","92","94","94","95","96","97","98","99","90","90","95","99","99","99","99","99","99","99","99","99","98","98","98","98","97","97","99","99","99","99","99","99","98","98","97","92","89","91","91","91","",
"斐济","FJI","DPT 免疫接种率（占 12 - 23 个月年龄组的百分比）","SH.IMM.IDPT","","","","","","","","","","","","","","","","","","","","","68","70","64","80","77","69","71","90","98","98","97","99","97","96","96","97","97","86","87","89","90","91","93","94","95","96","98","99","99","99","99","99","99","99","99","99","99","99","99","99","99","",
"法国","FRA","DPT 免疫接种率（占 12 - 23 个月年龄组的百分比）","SH.IMM.IDPT","","","","","","","","","","","","","","","","","","","","","79","79","85","90","94","95","96","88","79","95","94","94","94","94","96","96","97","97","96","97","97","97","97","97","98","98","99","99","99","98","99","99","99","99","98","97","96","96","96","96","","",
"法罗群岛","FRO","DPT 免疫接种率（占 12 - 23 个月年龄组的百分比）","SH.IMM.IDPT","","","","","","","","","","","","","","","","","","","","","","","","","","","","","","","","","","","","","","","","","","","","","","","","","","","","","","","","","","","","","","",
"密克罗尼西亚联邦","FSM","DPT 免疫接种率（占 12 - 23 个月年龄组的百分比）","SH.IMM.IDPT","","","","","","","","","","","","","","","","","","","","","","","","","","","","57","85","95","85","79","91","78","81","83","79","75","80","76","85","75","84","92","78","94","67","79","85","91","85","84","81","81","77","72","69","73","75","78","83","",
"加蓬","GAB","DPT 免疫接种率（占 12 - 23 个月年龄组的百分比）","SH.IMM.IDPT","","","","","","","","","","","","","","","","","","","","","","","","14","31","48","59","65","72","78","78","72","66","67","69","70","62","54","50","45","45","45","45","45","45","45","45","81","82","76","67","75","82","79","70","80","75","75","70","70","63","",
"英国","GBR","DPT 免疫接种率（占 12 - 23 个月年龄组的百分比）","SH.IMM.IDPT","","","","","","","","","","","","","","","","","","","","","41","46","53","59","65","65","67","73","75","78","84","88","92","93","93","94","94","92","91","92","91","91","91","91","92","91","92","92","92","93","94","95","95","95","95","95","94","94","94","93","93","",
"格鲁吉亚","GEO","DPT 免疫接种率（占 12 - 23 个月年龄组的百分比）","SH.IMM.IDPT","","","","","","","","","","","","","","","","","","","","","","","","","","","","","","","","","58","54","58","79","80","80","80","84","80","87","84","75","78","82","88","98","92","88","92","94","92","93","91","94","92","91","93","94","88","",
"加纳","GHA","DPT 免疫接种率（占 12 - 23 个月年龄组的百分比）","SH.IMM.IDPT","","","","","","","","","","","","","","","","","","","","","7","22","23","23","19","22","35","42","47","51","58","60","62","66","70","70","71","71","76","79","88","79","78","80","80","84","84","94","93","94","94","91","92","90","98","88","93","99","97","97","94","",
"直布罗陀","GIB","DPT 免疫接种率（占 12 - 23 个月年龄组的百分比）","SH.IMM.IDPT","","","","","","","","","","","","","","","","","","","","","","","","","","","","","","","","","","","","","","","","","","","","","","","","","","","","","","","","","","","","","","",
"几内亚","GIN","DPT 免疫接种率（占 12 - 23 个月年龄组的百分比）","SH.IMM.IDPT","","","","","","","","","","","","","","","","","","","","","","","15","15","15","15","15","15","16","17","17","36","52","53","53","54","48","47","56","43","46","50","53","57","60","59","57","63","60","57","64","63","57","50","44","47","47","47","47","47","47","",
"冈比亚","GMB","DPT 免疫接种率（占 12 - 23 个月年龄组的百分比）","SH.IMM.IDPT","","","","","","","","","","","","","","","","","","","","","63","76","80","62","70","78","73","85","82","87","92","85","85","90","93","96","96","96","85","74","80","87","87","87","87","95","95","95","96","98","97","96","98","97","96","97","95","92","93","88","","",
"几内亚比绍共和国","GNB","DPT 免疫接种率（占 12 - 23 个月年龄组的百分比）","SH.IMM.IDPT","","","","","","","","","","","","","","","","","","","","","","","","9","18","18","47","55","66","54","61","63","67","63","74","45","53","63","54","45","49","53","57","60","64","68","71","74","77","80","83","86","87","87","86","86","85","79","82","78","74","",
"赤道几内亚","GNQ","DPT 免疫接种率（占 12 - 23 个月年龄组的百分比）","SH.IMM.IDPT","","","","","","","","","","","","","","","","","","","","","","","","","","3","3","10","19","48","77","77","76","76","77","79","80","81","81","33","35","37","39","41","43","44","46","48","50","52","54","54","54","53","53","40","53","53","53","53","53","",
"希腊","GRC","DPT 免疫接种率（占 12 - 23 个月年龄组的百分比）","SH.IMM.IDPT","","","","","","","","","","","","","","","","","","","","","72","95","83","72","60","54","80","82","83","54","54","85","89","89","90","90","90","90","89","88","89","91","92","94","95","96","98","99","99","99","99","99","99","99","99","99","99","99","99","99","99","",
"格林纳达","GRD","DPT 免疫接种率（占 12 - 23 个月年龄组的百分比）","SH.IMM.IDPT","","","","","","","","","","","","","","","","","","","","","25","43","56","68","76","61","98","80","65","87","80","85","90","89","91","95","80","95","97","88","97","96","98","97","83","99","91","96","99","99","97","95","97","97","97","92","96","96","95","92","72","",
"格陵兰","GRL","DPT 免疫接种率（占 12 - 23 个月年龄组的百分比）","SH.IMM.IDPT","","","","","","","","","","","","","","","","","","","","","","","","","","","","","","","","","","","","","","","","","","","","","","","","","","","","","","","","","","","","","","",
"危地马拉","GTM","DPT 免疫接种率（占 12 - 23 个月年龄组的百分比）","SH.IMM.IDPT","","","","","","","","","","","","","","","","","","","","","43","42","45","44","48","21","37","16","47","50","66","63","66","75","71","77","66","73","78","77","81","77","82","84","87","87","89","85","95","92","94","88","96","85","73","74","80","82","86","85","83","",
"关岛","GUM","DPT 免疫接种率（占 12 - 23 个月年龄组的百分比）","SH.IMM.IDPT","","","","","","","","","","","","","","","","","","","","","","","","","","","","","","","","","","","","","","","","","","","","","","","","","","","","","","","","","","","","","","",
"圭亚那","GUY","DPT 免疫接种率（占 12 - 23 个月年龄组的百分比）","SH.IMM.IDPT","","","","","","","","","","","","","","","","","","","","","35","45","53","58","70","75","64","67","64","77","83","81","79","93","90","86","83","88","90","83","88","85","91","90","91","93","93","94","93","98","95","93","97","98","98","95","97","97","95","99","99","",
"高收入国家","HIC","DPT 免疫接种率（占 12 - 23 个月年龄组的百分比）","SH.IMM.IDPT","","","","","","","","","","","","","","","","","","","","","","","","","","","","","","","","","","","","","","","","","","","","","","","","","","","","","","","","","","","","","","",
"中国香港特别行政区","HKG","DPT 免疫接种率（占 12 - 23 个月年龄组的百分比）","SH.IMM.IDPT","","","","","","","","","","","","","","","","","","","","","","","","","","","","","","","","","","","","","","","","","","","","","","","","","","","","","","","","","","","","","","",
"洪都拉斯","HND","DPT 免疫接种率（占 12 - 23 个月年龄组的百分比）","SH.IMM.IDPT","","","","","","","","","","","","","","","","","","","","","28","34","46","52","41","58","62","58","74","85","84","94","93","94","94","94","94","95","97","95","94","96","95","92","94","98","95","94","93","97","97","97","98","99","99","98","95","90","91","88","80","",
"重债穷国 (HIPC)","HPC","DPT 免疫接种率（占 12 - 23 个月年龄组的百分比）","SH.IMM.IDPT","","","","","","","","","","","","","","","","","","","","","","","","","","","","","","","","","","","","","","","","","","","","","","","","","","","","","","","","","","","","","","",
"克罗地亚","HRV","DPT 免疫接种率（占 12 - 23 个月年龄组的百分比）","SH.IMM.IDPT","","","","","","","","","","","","","","","","","","","","","","","","","","","","","","","","","83","85","87","90","91","92","93","93","93","94","95","94","96","96","96","96","96","96","97","96","96","96","95","94","93","92","93","94","94","",
"海地","HTI","DPT 免疫接种率（占 12 - 23 个月年龄组的百分比）","SH.IMM.IDPT","","","","","","","","","","","","","","","","","","","","","3","14","13","9","14","19","24","28","48","50","41","36","38","39","41","42","42","42","41","39","43","46","50","53","57","60","62","64","64","65","67","68","66","65","63","64","64","64","64","51","51","",
"匈牙利","HUN","DPT 免疫接种率（占 12 - 23 个月年龄组的百分比）","SH.IMM.IDPT","","","","","","","","","","","","","","","","","","","","","99","99","99","99","99","99","99","99","99","99","99","99","99","99","99","99","99","99","99","99","99","99","99","99","99","99","99","99","99","99","99","99","99","99","99","99","99","99","99","99","99","",
"只有IBRD","IBD","DPT 免疫接种率（占 12 - 23 个月年龄组的百分比）","SH.IMM.IDPT","","","","","","","","","","","","","","","","","","","","","","","","","","","","","","","","","","","","","","","","","","","","","","","","","","","","","","","","","","","","","","",
"IBRD与IDA","IBT","DPT 免疫接种率（占 12 - 23 个月年龄组的百分比）","SH.IMM.IDPT","","","","","","","","","","","","","","","","","","","","","","","","","","","","","","","","","","","","","","","","","","","","","","","","","","","","","","","","","","","","","","",
"IDA總","IDA","DPT 免疫接种率（占 12 - 23 个月年龄组的百分比）","SH.IMM.IDPT","","","","","","","","","","","","","","","","","","","","","","","","","","","","","","","","","","","","","","","","","","","","","","","","","","","","","","","","","","","","","","",
"IDA混合","IDB","DPT 免疫接种率（占 12 - 23 个月年龄组的百分比）","SH.IMM.IDPT","","","","","","","","","","","","","","","","","","","","","","","","","","","","","","","","","","","","","","","","","","","","","","","","","","","","","","","","","","","","","","",
"印度尼西亚","IDN","DPT 免疫接种率（占 12 - 23 个月年龄组的百分比）","SH.IMM.IDPT","","","","","","","","","","","","","","","","","","","","","","1","1","6","13","27","47","50","54","57","60","62","64","66","68","69","72","73","74","75","75","76","70","71","71","72","72","73","77","78","81","81","87","92","88","84","84","85","85","85","77","",
"只有IDA","IDX","DPT 免疫接种率（占 12 - 23 个月年龄组的百分比）","SH.IMM.IDPT","","","","","","","","","","","","","","","","","","","","","","","","","","","","","","","","","","","","","","","","","","","","","","","","","","","","","","","","","","","","","","",
"马恩岛","IMN","DPT 免疫接种率（占 12 - 23 个月年龄组的百分比）","SH.IMM.IDPT","","","","","","","","","","","","","","","","","","","","","","","","","","","","","","","","","","","","","","","","","","","","","","","","","","","","","","","","","","","","","","",
"印度","IND","DPT 免疫接种率（占 12 - 23 个月年龄组的百分比）","SH.IMM.IDPT","","","","","","","","","","","","","","","","","","","","","6","6","12","14","16","18","20","30","40","50","70","57","56","61","67","71","66","62","61","59","58","59","59","61","63","65","65","64","70","74","79","82","82","83","85","87","88","89","90","91","85","",
"未分类国家","INX","DPT 免疫接种率（占 12 - 23 个月年龄组的百分比）","SH.IMM.IDPT","","","","","","","","","","","","","","","","","","","","","","","","","","","","","","","","","","","","","","","","","","","","","","","","","","","","","","","","","","","","","","",
"爱尔兰","IRL","DPT 免疫接种率（占 12 - 23 个月年龄组的百分比）","SH.IMM.IDPT","","","","","","","","","","","","","","","","","","","","","34","36","43","42","45","45","44","44","43","65","65","67","68","70","71","73","74","76","84","86","86","84","83","86","89","90","91","92","93","94","94","95","95","96","96","95","95","95","94","94","94","",
"伊朗伊斯兰共和国","IRN","DPT 免疫接种率（占 12 - 23 个月年龄组的百分比）","SH.IMM.IDPT","","","","","","","","","","","","","","","","","","","","","32","29","41","33","33","51","57","57","88","82","91","88","97","99","95","98","99","99","99","99","99","96","99","99","99","95","98","99","99","99","99","99","99","98","99","98","99","99","99","99","99","",
"伊拉克","IRQ","DPT 免疫接种率（占 12 - 23 个月年龄组的百分比）","SH.IMM.IDPT","","","","","","","","","","","","","","","","","","","","","14","13","18","16","67","86","91","94","87","87","83","78","74","70","72","74","76","78","76","81","80","78","77","75","74","65","59","57","69","78","74","81","72","73","73","68","71","81","86","84","74","",
"冰岛","ISL","DPT 免疫接种率（占 12 - 23 个月年龄组的百分比）","SH.IMM.IDPT","","","","","","","","","","","","","","","","","","","","","99","99","98","94","99","99","99","99","99","99","99","99","99","99","99","99","99","99","99","98","98","92","95","97","99","95","97","97","98","96","96","95","89","91","90","92","91","89","91","92","93","",
"以色列","ISR","DPT 免疫接种率（占 12 - 23 个月年龄组的百分比）","SH.IMM.IDPT","","","","","","","","","","","","","","","","","","","","","84","91","92","89","87","85","92","92","92","92","93","94","95","96","95","96","94","95","92","91","93","92","90","93","95","93","95","95","94","96","95","94","94","96","95","95","94","98","98","98","98","",
"意大利","ITA","DPT 免疫接种率（占 12 - 23 个月年龄组的百分比）","SH.IMM.IDPT","","","","","","","","","","","","","","","","","","","","","","","","","","","","","","","83","95","95","95","95","95","96","95","95","95","87","93","93","96","94","95","96","97","96","96","96","96","97","96","95","93","94","95","95","96","94","",
"牙买加","JAM","DPT 免疫接种率（占 12 - 23 个月年龄组的百分比）","SH.IMM.IDPT","","","","","","","","","","","","","","","","","","","","","24","39","34","51","58","60","74","81","82","85","86","85","84","91","93","90","92","90","86","89","93","99","99","96","98","99","95","92","91","90","94","92","96","93","92","91","99","93","97","96","96","",
"约旦","JOR","DPT 免疫接种率（占 12 - 23 个月年龄组的百分比）","SH.IMM.IDPT","","","","","","","","","","","","","","","","","","","","","30","81","75","76","81","85","88","90","93","94","92","92","92","91","94","95","96","99","99","85","91","99","95","97","95","95","98","98","97","98","98","98","98","98","98","99","98","99","96","89","77","",
"日本","JPN","DPT 免疫接种率（占 12 - 23 个月年龄组的百分比）","SH.IMM.IDPT","","","","","","","","","","","","","","","","","","","","","60","75","81","80","82","83","84","85","86","87","90","92","87","85","80","74","99","70","75","80","85","95","96","97","99","98","98","98","98","97","97","97","97","96","96","96","99","99","98","98","96","",
"哈萨克斯坦","KAZ","DPT 免疫接种率（占 12 - 23 个月年龄组的百分比）","SH.IMM.IDPT","","","","","","","","","","","","","","","","","","","","","","","","","","","","","","","","","81","76","76","93","95","97","99","98","97","95","95","99","82","98","99","93","99","98","99","99","99","98","95","98","82","99","98","97","88","",
"肯尼亚","KEN","DPT 免疫接种率（占 12 - 23 个月年龄组的百分比）","SH.IMM.IDPT","","","","","","","","","","","","","","","","","","","","","","","","","58","70","72","77","82","83","84","86","87","89","92","94","87","79","81","82","82","80","84","73","73","76","80","81","88","88","90","96","94","87","92","89","89","82","92","91","89","",
"吉尔吉斯斯坦","KGZ","DPT 免疫接种率（占 12 - 23 个月年龄组的百分比）","SH.IMM.IDPT","","","","","","","","","","","","","","","","","","","","","","","","","","","","","","","","","84","64","82","93","98","98","97","99","99","99","98","98","99","98","92","94","95","95","96","96","96","97","96","97","96","92","94","95","87","",
"柬埔寨","KHM","DPT 免疫接种率（占 12 - 23 个月年龄组的百分比）","SH.IMM.IDPT","","","","","","","","","","","","","","","","","","","","","","","","","17","23","37","37","45","47","38","38","32","35","37","39","43","46","47","53","59","60","54","69","85","82","80","82","91","94","90","91","90","86","91","92","93","93","92","92","92","",
"基里巴斯","KIR","DPT 免疫接种率（占 12 - 23 个月年龄组的百分比）","SH.IMM.IDPT","","","","","","","","","","","","","","","","","","","","","43","29","53","40","18","37","37","36","63","79","97","70","86","99","71","60","79","91","88","78","90","85","77","70","62","79","86","94","82","86","91","99","94","95","75","78","81","90","95","97","92","",
"圣基茨和尼维斯","KNA","DPT 免疫接种率（占 12 - 23 个月年龄组的百分比）","SH.IMM.IDPT","","","","","","","","","","","","","","","","","","","","","56","67","92","90","97","92","99","96","94","99","99","99","99","99","99","99","99","99","98","99","99","99","97","99","96","99","99","99","99","98","96","98","98","97","98","94","98","98","98","97","99","",
"大韩民国","KOR","DPT 免疫接种率（占 12 - 23 个月年龄组的百分比）","SH.IMM.IDPT","","","","","","","","","","","","","","","","","","","","","","61","61","69","76","76","76","57","58","89","74","79","84","88","93","99","90","80","74","86","97","97","97","97","88","96","98","91","94","94","94","99","99","99","99","98","98","97","98","98","","",
"科威特","KWT","DPT 免疫接种率（占 12 - 23 个月年龄组的百分比）","SH.IMM.IDPT","","","","","","","","","","","","","","","","","","","","","67","79","83","89","89","90","91","92","94","94","71","80","88","97","99","99","99","96","95","94","98","99","99","99","98","99","99","99","99","99","98","99","98","99","95","99","99","99","91","91","","",
"拉丁美洲与加勒比海地区（不包括高收入）","LAC","DPT 免疫接种率（占 12 - 23 个月年龄组的百分比）","SH.IMM.IDPT","","","","","","","","","","","","","","","","","","","","","","","","","","","","","","","","","","","","","","","","","","","","","","","","","","","","","","","","","","","","","","",
"老挝","LAO","DPT 免疫接种率（占 12 - 23 个月年龄组的百分比）","SH.IMM.IDPT","","","","","","","","","","","","","","","","","","","","","","7","7","7","5","4","5","10","17","21","18","22","23","25","48","54","58","60","54","55","51","52","53","49","45","49","57","50","61","67","74","76","77","83","83","83","83","84","85","80","79","",
"黎巴嫩","LBN","DPT 免疫接种率（占 12 - 23 个月年龄组的百分比）","SH.IMM.IDPT","","","","","","","","","","","","","","","","","","","","","","2","4","4","4","17","30","46","63","79","82","86","90","91","92","93","93","92","89","86","83","80","77","74","75","77","78","80","81","81","82","82","83","83","83","83","83","83","83","83","71","",
"利比里亚","LBR","DPT 免疫接种率（占 12 - 23 个月年龄组的百分比）","SH.IMM.IDPT","","","","","","","","","","","","","","","","","","","","","","","","","","","","","","","","","","","","","","","","50","46","42","39","35","31","60","60","65","75","81","70","77","80","80","63","65","73","80","80","70","65","",
"利比亚","LBY","DPT 免疫接种率（占 12 - 23 个月年龄组的百分比）","SH.IMM.IDPT","","","","","","","","","","","","","","","","","","","","","60","67","72","79","81","81","82","82","84","87","84","87","90","96","95","95","96","96","95","94","94","94","93","95","97","98","98","98","98","98","98","98","98","96","94","97","97","96","73","73","73","",
"圣卢西亚","LCA","DPT 免疫接种率（占 12 - 23 个月年龄组的百分比）","SH.IMM.IDPT","","","","","","","","","","","","","","","","","","","","","56","64","79","81","83","87","78","85","78","92","89","96","96","97","93","98","88","98","88","89","70","99","74","90","91","95","85","99","96","95","97","99","98","99","99","99","95","80","95","92","86","",
"拉丁美洲与加勒比海地区","LCN","DPT 免疫接种率（占 12 - 23 个月年龄组的百分比）","SH.IMM.IDPT","","","","","","","","","","","","","","","","","","","","","","","","","","","","","","","","","","","","","","","","","","","","","","","","","","","","","","","","","","","","","","",
"最不发达国家：联合国分类","LDC","DPT 免疫接种率（占 12 - 23 个月年龄组的百分比）","SH.IMM.IDPT","","","","","","","","","","","","","","","","","","","","","","","","","","","","","","","","","","","","","","","","","","","","","","","","","","","","","","","","","","","","","","",
"低收入国家","LIC","DPT 免疫接种率（占 12 - 23 个月年龄组的百分比）","SH.IMM.IDPT","","","","","","","","","","","","","","","","","","","","","","","","","","","","","","","","","","","","","","","","","","","","","","","","","","","","","","","","","","","","","","",
"列支敦士登","LIE","DPT 免疫接种率（占 12 - 23 个月年龄组的百分比）","SH.IMM.IDPT","","","","","","","","","","","","","","","","","","","","","","","","","","","","","","","","","","","","","","","","","","","","","","","","","","","","","","","","","","","","","","",
"斯里兰卡","LKA","DPT 免疫接种率（占 12 - 23 个月年龄组的百分比）","SH.IMM.IDPT","","","","","","","","","","","","","","","","","","","","","46","45","57","64","66","70","75","77","83","87","86","86","88","90","88","93","92","97","94","99","99","98","98","99","97","99","98","98","98","97","99","99","99","99","99","99","99","99","99","99","96","",
"中低等收入国家","LMC","DPT 免疫接种率（占 12 - 23 个月年龄组的百分比）","SH.IMM.IDPT","","","","","","","","","","","","","","","","","","","","","","","","","","","","","","","","","","","","","","","","","","","","","","","","","","","","","","","","","","","","","","",
"中低收入国家","LMY","DPT 免疫接种率（占 12 - 23 个月年龄组的百分比）","SH.IMM.IDPT","","","","","","","","","","","","","","","","","","","","","","","","","","","","","","","","","","","","","","","","","","","","","","","","","","","","","","","","","","","","","","",
"莱索托","LSO","DPT 免疫接种率（占 12 - 23 个月年龄组的百分比）","SH.IMM.IDPT","","","","","","","","","","","","","","","","","","","","","56","56","61","66","74","82","81","79","80","81","82","84","85","86","87","88","87","87","88","88","83","78","84","90","90","89","89","88","88","91","93","96","95","93","88","83","87","87","87","87","87","",
"後期人口紅利","LTE","DPT 免疫接种率（占 12 - 23 个月年龄组的百分比）","SH.IMM.IDPT","","","","","","","","","","","","","","","","","","","","","","","","","","","","","","","","","","","","","","","","","","","","","","","","","","","","","","","","","","","","","","",
"立陶宛","LTU","DPT 免疫接种率（占 12 - 23 个月年龄组的百分比）","SH.IMM.IDPT","","","","","","","","","","","","","","","","","","","","","","","","","","","","","","","","","78","83","83","90","91","90","93","93","94","95","95","94","94","94","94","95","96","98","95","92","93","93","93","93","94","94","92","92","91","",
"卢森堡","LUX","DPT 免疫接种率（占 12 - 23 个月年龄组的百分比）","SH.IMM.IDPT","","","","","","","","","","","","","","","","","","","","","","","","75","68","77","86","95","90","90","90","91","93","94","95","97","98","98","98","98","99","99","99","98","99","99","99","99","99","99","99","99","99","99","99","99","99","99","99","99","99","",
"拉脱维亚","LVA","DPT 免疫接种率（占 12 - 23 个月年龄组的百分比）","SH.IMM.IDPT","","","","","","","","","","","","","","","","","","","","","","","","","","","","","","","","","87","80","97","98","93","92","94","95","96","97","97","98","99","99","96","94","94","94","92","92","91","94","92","94","98","98","96","99","99","",
"中国澳门特别行政区","MAC","DPT 免疫接种率（占 12 - 23 个月年龄组的百分比）","SH.IMM.IDPT","","","","","","","","","","","","","","","","","","","","","","","","","","","","","","","","","","","","","","","","","","","","","","","","","","","","","","","","","","","","","","",
"圣马丁（法属）","MAF","DPT 免疫接种率（占 12 - 23 个月年龄组的百分比）","SH.IMM.IDPT","","","","","","","","","","","","","","","","","","","","","","","","","","","","","","","","","","","","","","","","","","","","","","","","","","","","","","","","","","","","","","",
"摩洛哥","MAR","DPT 免疫接种率（占 12 - 23 个月年龄组的百分比）","SH.IMM.IDPT","","","","","","","","","","","","","","","","","","","","","","","32","41","45","51","63","85","82","80","81","81","87","86","87","90","95","94","93","91","95","96","94","91","97","98","97","95","99","99","99","99","99","99","99","99","99","99","99","99","","",
"摩纳哥","MCO","DPT 免疫接种率（占 12 - 23 个月年龄组的百分比）","SH.IMM.IDPT","","","","","","","","","","","","","","","","","","","","","","","","","","","","","99","99","99","98","98","99","99","99","99","99","99","99","99","99","99","99","99","99","99","99","99","99","99","99","99","99","99","99","99","99","99","99","","",
"摩尔多瓦","MDA","DPT 免疫接种率（占 12 - 23 个月年龄组的百分比）","SH.IMM.IDPT","","","","","","","","","","","","","","","","","","","","","","","","","","","","","","","","","84","70","86","96","97","97","97","97","95","97","97","98","98","98","97","92","90","85","90","93","92","90","90","87","89","88","93","91","86","",
"马达加斯加","MDG","DPT 免疫接种率（占 12 - 23 个月年龄组的百分比）","SH.IMM.IDPT","","","","","","","","","","","","","","","","","","","","","","","15","23","19","23","30","35","42","45","46","53","65","66","66","57","49","49","52","55","57","60","62","66","78","85","85","84","77","77","70","73","68","70","68","62","68","65","66","70","68","",
"马尔代夫","MDV","DPT 免疫接种率（占 12 - 23 个月年龄组的百分比）","SH.IMM.IDPT","","","","","","","","","","","","","","","","","","","","","4","1","1","13","24","28","42","42","86","91","94","98","98","90","96","94","97","97","97","97","98","98","98","98","96","98","98","98","98","98","96","96","99","99","99","99","99","99","99","98","99","",
"中东与北非地区","MEA","DPT 免疫接种率（占 12 - 23 个月年龄组的百分比）","SH.IMM.IDPT","","","","","","","","","","","","","","","","","","","","","","","","","","","","","","","","","","","","","","","","","","","","","","","","","","","","","","","","","","","","","","",
"墨西哥","MEX","DPT 免疫接种率（占 12 - 23 个月年龄组的百分比）","SH.IMM.IDPT","","","","","","","","","","","","","","","","","","","","","44","43","40","41","52","40","51","62","60","65","53","88","90","82","91","91","95","95","96","96","97","97","97","98","98","98","98","98","96","95","95","97","99","83","87","87","93","85","88","82","74","",
"马绍尔群岛","MHL","DPT 免疫接种率（占 12 - 23 个月年龄组的百分比）","SH.IMM.IDPT","","","","","","","","","","","","","","","","","","","","","","","","","","","","","92","92","92","71","82","56","67","70","78","78","86","66","39","48","80","68","64","77","74","93","95","96","94","87","80","79","78","85","71","80","81","79","","",
"中等收入国家","MIC","DPT 免疫接种率（占 12 - 23 个月年龄组的百分比）","SH.IMM.IDPT","","","","","","","","","","","","","","","","","","","","","","","","","","","","","","","","","","","","","","","","","","","","","","","","","","","","","","","","","","","","","","",
"北马其顿","MKD","DPT 免疫接种率（占 12 - 23 个月年龄组的百分比）","SH.IMM.IDPT","","","","","","","","","","","","","","","","","","","","","","","","","","","","","","","","","","90","88","95","93","97","94","95","95","91","96","96","94","97","93","95","95","96","95","96","95","98","95","91","95","91","92","92","84","",
"马里","MLI","DPT 免疫接种率（占 12 - 23 个月年龄组的百分比）","SH.IMM.IDPT","","","","","","","","","","","","","","","","","","","","","","","","","","8","8","8","18","26","42","34","38","46","39","49","53","52","52","40","43","49","61","63","69","77","78","74","74","73","73","66","65","64","66","71","76","77","77","77","70","",
"马耳他","MLT","DPT 免疫接种率（占 12 - 23 个月年龄组的百分比）","SH.IMM.IDPT","","","","","","","","","","","","","","","","","","","","","","","","","50","37","86","87","87","47","63","86","82","83","88","92","92","92","92","93","94","95","95","94","89","92","85","74","72","73","76","96","99","99","99","97","97","98","97","98","98","",
"缅甸","MMR","DPT 免疫接种率（占 12 - 23 个月年龄组的百分比）","SH.IMM.IDPT","","","","","","","","","","","","","","","","","","","","","4","5","9","11","12","16","20","23","28","50","88","66","71","73","77","84","88","90","90","75","82","73","79","78","82","73","82","86","85","90","90","84","84","75","88","89","90","89","91","90","84","",
"中东与北非地区（不包括高收入）","MNA","DPT 免疫接种率（占 12 - 23 个月年龄组的百分比）","SH.IMM.IDPT","","","","","","","","","","","","","","","","","","","","","","","","","","","","","","","","","","","","","","","","","","","","","","","","","","","","","","","","","","","","","","",
"黑山","MNE","DPT 免疫接种率（占 12 - 23 个月年龄组的百分比）","SH.IMM.IDPT","","","","","","","","","","","","","","","","","","","","","","","","","","","","","","","","","","","","","","","","","","","","","","","90","92","95","92","94","95","94","94","91","89","89","87","86","85","84","",
"蒙古","MNG","DPT 免疫接种率（占 12 - 23 个月年龄组的百分比）","SH.IMM.IDPT","","","","","","","","","","","","","","","","","","","","","76","78","79","79","77","80","81","80","82","84","84","81","64","79","78","88","90","92","94","94","94","95","98","98","99","99","99","95","96","95","96","99","99","98","99","99","99","99","99","98","96","",
"北马里亚纳群岛","MNP","DPT 免疫接种率（占 12 - 23 个月年龄组的百分比）","SH.IMM.IDPT","","","","","","","","","","","","","","","","","","","","","","","","","","","","","","","","","","","","","","","","","","","","","","","","","","","","","","","","","","","","","","",
"莫桑比克","MOZ","DPT 免疫接种率（占 12 - 23 个月年龄组的百分比）","SH.IMM.IDPT","","","","","","","","","","","","","","","","","","","","","","56","43","38","32","29","32","39","38","47","46","46","50","49","55","57","60","62","65","68","70","73","76","85","83","80","78","75","75","74","74","78","81","85","88","88","88","88","88","88","79","",
"毛里塔尼亚","MRT","DPT 免疫接种率（占 12 - 23 个月年龄组的百分比）","SH.IMM.IDPT","","","","","","","","","","","","","","","","","","","","","","18","20","20","21","27","32","30","28","28","33","29","39","44","50","55","50","28","16","53","51","75","89","76","70","71","68","75","74","64","64","75","80","80","81","73","74","81","81","81","71","",
"毛里求斯","MUS","DPT 免疫接种率（占 12 - 23 个月年龄组的百分比）","SH.IMM.IDPT","","","","","","","","","","","","","","","","","","","","","89","82","94","89","85","88","86","84","86","85","85","91","88","88","89","93","89","90","89","85","88","92","88","99","98","97","97","97","99","99","99","98","98","98","97","97","96","94","97","96","93","",
"马拉维","MWI","DPT 免疫接种率（占 12 - 23 个月年龄组的百分比）","SH.IMM.IDPT","","","","","","","","","","","","","","","","","","","","","58","66","64","63","58","55","57","78","82","87","87","87","87","91","82","89","90","95","96","85","75","90","64","84","89","93","99","87","91","93","93","97","96","89","91","88","84","88","92","95","94","",
"马来西亚","MYS","DPT 免疫接种率（占 12 - 23 个月年龄组的百分比）","SH.IMM.IDPT","","","","","","","","","","","","","","","","","","","","","67","66","73","58","54","57","62","69","68","84","90","92","94","91","95","98","97","98","97","97","98","96","94","96","95","96","95","97","97","97","96","96","97","97","97","99","95","99","99","98","98","",
"北美","NAC","DPT 免疫接种率（占 12 - 23 个月年龄组的百分比）","SH.IMM.IDPT","","","","","","","","","","","","","","","","","","","","","","","","","","","","","","","","","","","","","","","","","","","","","","","","","","","","","","","","","","","","","","",
"纳米比亚","NAM","DPT 免疫接种率（占 12 - 23 个月年龄组的百分比）","SH.IMM.IDPT","","","","","","","","","","","","","","","","","","","","","","","","","","","","","","","","69","70","73","79","74","70","66","74","72","79","78","77","79","81","86","86","86","83","83","83","82","84","89","88","92","85","88","89","87","","",
"新喀里多尼亚","NCL","DPT 免疫接种率（占 12 - 23 个月年龄组的百分比）","SH.IMM.IDPT","","","","","","","","","","","","","","","","","","","","","","","","","","","","","","","","","","","","","","","","","","","","","","","","","","","","","","","","","","","","","","",
"尼日尔","NER","DPT 免疫接种率（占 12 - 23 个月年龄组的百分比）","SH.IMM.IDPT","","","","","","","","","","","","","","","","","","","","","","6","6","5","5","4","5","7","9","13","22","19","20","20","20","23","23","25","29","32","34","36","39","41","43","45","51","57","67","71","70","75","71","73","81","84","80","85","79","81","81","",
"尼日利亚","NGA","DPT 免疫接种率（占 12 - 23 个月年龄组的百分比）","SH.IMM.IDPT","","","","","","","","","","","","","","","","","","","","","","","","","9","16","22","29","36","47","56","39","43","29","44","34","26","21","32","31","29","27","25","29","33","36","40","42","53","63","54","48","42","43","43","42","53","55","56","57","57","",
"尼加拉瓜","NIC","DPT 免疫接种率（占 12 - 23 个月年龄组的百分比）","SH.IMM.IDPT","","","","","","","","","","","","","","","","","","","","","16","23","27","24","33","39","45","51","47","68","70","75","81","81","81","80","80","80","73","79","83","87","85","86","79","86","88","93","97","98","98","98","98","98","98","98","98","98","98","98","92","",
"荷兰","NLD","DPT 免疫接种率（占 12 - 23 个月年龄组的百分比）","SH.IMM.IDPT","","","","","","","","","","","","","","","","","","","","","96","96","97","97","97","97","97","97","97","97","97","97","98","97","97","97","97","97","97","97","97","97","97","98","98","96","96","97","97","97","97","97","97","97","96","95","95","94","93","94","94","",
"挪威","NOR","DPT 免疫接种率（占 12 - 23 个月年龄组的百分比）","SH.IMM.IDPT","","","","","","","","","","","","","","","","","","","","","","","","90","90","85","83","80","83","83","86","96","98","94","93","97","97","95","93","92","90","91","93","92","92","91","94","93","94","94","93","94","95","94","93","95","96","96","96","97","97","",
"尼泊尔","NPL","DPT 免疫接种率（占 12 - 23 个月年龄组的百分比）","SH.IMM.IDPT","","","","","","","","","","","","","","","","","","","","","8","16","18","23","27","32","38","46","45","44","43","46","49","51","54","54","65","78","71","65","74","72","72","78","80","75","89","82","82","89","82","92","90","92","92","91","87","90","91","93","84","",
"瑙魯","NRU","DPT 免疫接种率（占 12 - 23 个月年龄组的百分比）","SH.IMM.IDPT","","","","","","","","","","","","","","","","","","","","","","","","","67","67","61","55","67","75","74","70","67","63","60","56","53","50","72","64","44","95","80","80","80","80","72","99","99","99","99","99","79","87","95","91","97","87","90","96","95","",
"新西兰","NZL","DPT 免疫接种率（占 12 - 23 个月年龄组的百分比）","SH.IMM.IDPT","","","","","","","","","","","","","","","","","","","","","76","72","73","73","83","72","70","67","69","80","90","81","81","83","84","89","88","86","81","88","90","90","90","90","89","89","89","88","89","92","93","95","93","92","93","92","92","94","93","92","92","",
"经合组织成员","OED","DPT 免疫接种率（占 12 - 23 个月年龄组的百分比）","SH.IMM.IDPT","","","","","","","","","","","","","","","","","","","","","","","","","","","","","","","","","","","","","","","","","","","","","","","","","","","","","","","","","","","","","","",
"阿曼","OMN","DPT 免疫接种率（占 12 - 23 个月年龄组的百分比）","SH.IMM.IDPT","","","","","","","","","","","","","","","","","","","","","18","19","24","31","45","60","82","89","90","98","98","95","99","97","97","99","99","99","99","99","99","99","99","99","99","99","98","99","99","98","99","99","98","98","99","99","99","99","99","99","99","",
"其他小国","OSS","DPT 免疫接种率（占 12 - 23 个月年龄组的百分比）","SH.IMM.IDPT","","","","","","","","","","","","","","","","","","","","","","","","","","","","","","","","","","","","","","","","","","","","","","","","","","","","","","","","","","","","","","",
"巴基斯坦","PAK","DPT 免疫接种率（占 12 - 23 个月年龄组的百分比）","SH.IMM.IDPT","","","","","","","","","","","","","","","","","","","","","2","3","5","15","23","30","34","36","38","40","54","50","42","37","39","58","46","52","54","57","59","61","63","66","68","63","59","54","53","52","52","63","64","65","69","72","75","75","80","84","77","",
"巴拿马","PAN","DPT 免疫接种率（占 12 - 23 个月年龄组的百分比）","SH.IMM.IDPT","","","","","","","","","","","","","","","","","","","","","47","78","60","60","59","73","70","72","75","70","86","82","77","83","83","86","91","95","98","92","98","99","99","98","95","92","88","85","86","85","94","87","85","80","80","73","86","81","88","88","74","",
"秘鲁","PER","DPT 免疫接种率（占 12 - 23 个月年龄组的百分比）","SH.IMM.IDPT","","","","","","","","","","","","","","","","","","","","","16","20","23","23","28","48","50","43","60","58","72","71","83","87","87","90","94","90","94","99","98","90","95","94","86","77","94","93","93","93","93","91","95","88","88","90","89","83","84","88","72","",
"菲律宾","PHL","DPT 免疫接种率（占 12 - 23 个月年龄组的百分比）","SH.IMM.IDPT","","","","","","","","","","","","","","","","","","","","","47","54","54","55","57","59","66","72","79","86","88","90","80","76","73","70","75","81","81","80","78","79","79","84","88","89","88","87","91","87","79","87","88","87","63","55","84","82","79","77","71","",
"帕劳","PLW","DPT 免疫接种率（占 12 - 23 个月年龄组的百分比）","SH.IMM.IDPT","","","","","","","","","","","","","","","","","","","","","","","","","","","98","81","99","78","99","98","93","89","67","99","98","91","96","96","96","98","99","99","98","98","98","94","92","49","69","84","89","99","95","90","98","97","95","97","96","",
"巴布亚新几内亚","PNG","DPT 免疫接种率（占 12 - 23 个月年龄组的百分比）","SH.IMM.IDPT","","","","","","","","","","","","","","","","","","","","","32","32","29","27","34","40","44","44","48","53","68","68","58","58","61","62","56","45","60","60","59","55","61","68","62","72","70","66","56","64","55","58","57","60","52","49","46","36","35","35","39","",
"波兰","POL","DPT 免疫接种率（占 12 - 23 个月年龄组的百分比）","SH.IMM.IDPT","","","","","","","","","","","","","","","","","","","","","96","96","95","95","95","94","95","96","96","96","96","95","95","95","96","96","97","98","98","98","98","98","99","99","99","99","99","99","99","99","99","99","99","99","98","98","98","96","95","95","90","",
"預人口紅利","PRE","DPT 免疫接种率（占 12 - 23 个月年龄组的百分比）","SH.IMM.IDPT","","","","","","","","","","","","","","","","","","","","","","","","","","","","","","","","","","","","","","","","","","","","","","","","","","","","","","","","","","","","","","",
"波多黎各","PRI","DPT 免疫接种率（占 12 - 23 个月年龄组的百分比）","SH.IMM.IDPT","","","","","","","","","","","","","","","","","","","","","","","","","","","","","","","","","","","","","","","","","","","","","","","","","","","","","","","","","","","","","","",
"朝鲜民主主义人民共和国","PRK","DPT 免疫接种率（占 12 - 23 个月年龄组的百分比）","SH.IMM.IDPT","","","","","","","","","","","","","","","","","","","","","50","52","51","52","67","55","61","86","87","97","98","97","90","90","77","64","50","37","43","50","56","62","64","68","72","79","89","92","92","93","93","94","96","93","93","96","96","97","97","97","97","",
"葡萄牙","PRT","DPT 免疫接种率（占 12 - 23 个月年龄组的百分比）","SH.IMM.IDPT","","","","","","","","","","","","","","","","","","","","","73","75","78","79","78","72","81","83","81","88","89","96","94","93","97","93","95","94","97","97","96","97","98","99","95","93","97","97","97","96","98","97","98","98","98","98","98","98","99","99","99","",
"巴拉圭","PRY","DPT 免疫接种率（占 12 - 23 个月年龄组的百分比）","SH.IMM.IDPT","","","","","","","","","","","","","","","","","","","","","17","28","34","45","67","57","53","58","56","61","67","66","73","66","71","68","72","75","79","82","86","89","87","86","92","96","98","95","89","86","91","92","91","91","93","92","92","91","88","86","79","",
"约旦河西岸和加沙","PSE","DPT 免疫接种率（占 12 - 23 个月年龄组的百分比）","SH.IMM.IDPT","","","","","","","","","","","","","","","","","","","","","","","","","","","","","","","","","","94","98","99","97","96","98","89","93","97","97","98","96","96","96","99","96","97","99","99","97","99","99","99","99","99","99","99","99","",
"太平洋岛国","PSS","DPT 免疫接种率（占 12 - 23 个月年龄组的百分比）","SH.IMM.IDPT","","","","","","","","","","","","","","","","","","","","","","","","","","","","","","","","","","","","","","","","","","","","","","","","","","","","","","","","","","","","","","",
"人口紅利之後","PST","DPT 免疫接种率（占 12 - 23 个月年龄组的百分比）","SH.IMM.IDPT","","","","","","","","","","","","","","","","","","","","","","","","","","","","","","","","","","","","","","","","","","","","","","","","","","","","","","","","","","","","","","",
"法属波利尼西亚","PYF","DPT 免疫接种率（占 12 - 23 个月年龄组的百分比）","SH.IMM.IDPT","","","","","","","","","","","","","","","","","","","","","","","","","","","","","","","","","","","","","","","","","","","","","","","","","","","","","","","","","","","","","","",
"卡塔尔","QAT","DPT 免疫接种率（占 12 - 23 个月年龄组的百分比）","SH.IMM.IDPT","","","","","","","","","","","","","","","","","","","","","61","43","37","49","60","71","72","72","69","81","82","86","88","90","91","92","92","92","94","92","80","93","96","92","96","97","96","94","97","99","97","93","92","97","89","99","98","97","98","98","82","",
"罗马尼亚","ROU","DPT 免疫接种率（占 12 - 23 个月年龄组的百分比）","SH.IMM.IDPT","","","","","","","","","","","","","","","","","","","","","","","","","","95","89","92","96","96","96","98","98","91","98","98","98","97","97","97","99","99","98","97","97","97","97","96","96","95","94","89","91","92","94","89","89","82","86","88","87","",
"俄罗斯联邦","RUS","DPT 免疫接种率（占 12 - 23 个月年龄组的百分比）","SH.IMM.IDPT","","","","","","","","","","","","","","","","","","","","","","","","","","","","","","","","","73","79","88","78","84","88","91","95","96","96","97","96","97","98","98","98","98","98","97","97","97","97","97","97","97","97","97","97","97","",
"卢旺达","RWA","DPT 免疫接种率（占 12 - 23 个月年龄组的百分比）","SH.IMM.IDPT","","","","","","","","","","","","","","","","","","","","","","17","38","59","55","50","87","88","80","82","84","91","85","83","23","83","89","73","79","85","90","77","88","96","89","95","99","97","97","97","97","97","98","98","98","98","98","98","97","98","91","",
"南亚","SAS","DPT 免疫接种率（占 12 - 23 个月年龄组的百分比）","SH.IMM.IDPT","","","","","","","","","","","","","","","","","","","","","","","","","","","","","","","","","","","","","","","","","","","","","","","","","","","","","","","","","","","","","","",
"沙特阿拉伯","SAU","DPT 免疫接种率（占 12 - 23 个月年龄组的百分比）","SH.IMM.IDPT","","","","","","","","","","","","","","","","","","","","","41","53","62","67","76","81","86","89","89","96","92","91","91","94","95","96","93","92","94","93","95","97","95","95","96","96","96","96","98","98","98","98","98","98","98","98","98","98","96","96","95","",
"苏丹","SDN","DPT 免疫接种率（占 12 - 23 个月年龄组的百分比）","SH.IMM.IDPT","","","","","","","","","","","","","","","","","","","","","1","1","2","3","4","8","14","27","40","60","62","62","53","51","46","48","56","55","46","55","62","66","60","69","74","78","78","84","86","81","90","93","92","93","94","93","93","95","93","93","90","",
"塞内加尔","SEN","DPT 免疫接种率（占 12 - 23 个月年龄组的百分比）","SH.IMM.IDPT","","","","","","","","","","","","","","","","","","","","","","","","","","","54","57","59","47","51","51","59","58","57","80","70","59","59","60","52","52","60","73","87","84","89","94","88","86","89","92","91","92","89","89","93","93","92","95","91","",
"新加坡","SGP","DPT 免疫接种率（占 12 - 23 个月年龄组的百分比）","SH.IMM.IDPT","","","","","","","","","","","","","","","","","","","","","84","87","83","84","77","78","91","96","90","90","85","91","89","92","95","98","97","98","97","97","98","96","94","96","95","96","95","97","97","97","96","96","97","97","96","96","97","96","96","96","","",
"所罗门群岛","SLB","DPT 免疫接种率（占 12 - 23 个月年龄组的百分比）","SH.IMM.IDPT","","","","","","","","","","","","","","","","","","","","","46","35","23","27","45","38","42","66","69","67","77","76","71","65","68","69","72","72","70","88","86","84","78","84","90","89","99","88","85","86","83","91","92","83","77","87","94","83","85","94","94","",
"塞拉利昂","SLE","DPT 免疫接种率（占 12 - 23 个月年龄组的百分比）","SH.IMM.IDPT","","","","","","","","","","","","","","","","","","","","","","","","","","","","","","","","","","","","","","","","43","44","38","53","73","65","65","64","64","77","84","86","89","91","92","83","86","84","90","93","95","91","",
"萨尔瓦多","SLV","DPT 免疫接种率（占 12 - 23 个月年龄组的百分比）","SH.IMM.IDPT","","","","","","","","","","","","","","","","","","","","","44","42","42","21","31","55","50","53","63","64","80","61","60","79","90","99","96","97","99","94","99","92","81","94","90","89","96","99","98","91","89","89","92","92","94","91","93","85","81","81","72","",
"圣马力诺","SMR","DPT 免疫接种率（占 12 - 23 个月年龄组的百分比）","SH.IMM.IDPT","","","","","","","","","","","","","","","","","","","","","","","","99","99","99","99","99","99","99","99","99","99","99","88","99","99","99","99","99","98","97","96","96","95","96","92","91","91","90","90","92","89","86","84","85","86","88","90","88","89","",
"索马里","SOM","DPT 免疫接种率（占 12 - 23 个月年龄组的百分比）","SH.IMM.IDPT","","","","","","","","","","","","","","","","","","","","","","2","5","5","10","22","17","25","26","18","19","20","21","22","23","22","21","19","33","36","33","33","40","40","30","35","26","40","31","42","45","41","42","42","42","42","42","42","42","42","42","",
"塞尔维亚","SRB","DPT 免疫接种率（占 12 - 23 个月年龄组的百分比）","SH.IMM.IDPT","","","","","","","","","","","","","","","","","","","","","","","","","","","","","","","","","84","85","85","89","91","94","93","92","95","93","95","89","88","98","92","94","95","95","91","94","91","95","93","95","92","95","96","97","92","",
"撒哈拉以南非洲地区（不包括高收入）","SSA","DPT 免疫接种率（占 12 - 23 个月年龄组的百分比）","SH.IMM.IDPT","","","","","","","","","","","","","","","","","","","","","","","","","","","","","","","","","","","","","","","","","","","","","","","","","","","","","","","","","","","","","","",
"南苏丹","SSD","DPT 免疫接种率（占 12 - 23 个月年龄组的百分比）","SH.IMM.IDPT","","","","","","","","","","","","","","","","","","","","","","","","","","","","","","","","","","","","","","","","","","","","","","","","","","","","61","63","53","50","46","45","47","49","49","49","",
"撒哈拉以南非洲地区","SSF","DPT 免疫接种率（占 12 - 23 个月年龄组的百分比）","SH.IMM.IDPT","","","","","","","","","","","","","","","","","","","","","","","","","","","","","","","","","","","","","","","","","","","","","","","","","","","","","","","","","","","","","","",
"小国","SST","DPT 免疫接种率（占 12 - 23 个月年龄组的百分比）","SH.IMM.IDPT","","","","","","","","","","","","","","","","","","","","","","","","","","","","","","","","","","","","","","","","","","","","","","","","","","","","","","","","","","","","","","",
"圣多美和普林西比","STP","DPT 免疫接种率（占 12 - 23 个月年龄组的百分比）","SH.IMM.IDPT","","","","","","","","","","","","","","","","","","","","","","42","34","26","49","48","65","72","77","63","92","87","68","60","83","79","68","73","73","78","82","92","92","94","96","97","97","97","99","98","98","96","96","97","95","96","96","95","95","95","","",
"苏里南","SUR","DPT 免疫接种率（占 12 - 23 个月年龄组的百分比）","SH.IMM.IDPT","","","","","","","","","","","","","","","","","","","","","25","27","61","85","80","84","80","71","64","72","83","75","74","76","74","84","85","81","90","85","71","68","73","75","85","83","84","84","85","87","94","80","76","76","71","73","77","67","81","77","51","",
"斯洛伐克共和国","SVK","DPT 免疫接种率（占 12 - 23 个月年龄组的百分比）","SH.IMM.IDPT","","","","","","","","","","","","","","","","","","","","","","","","","","","","","","","","","","","99","99","99","99","99","99","99","99","99","99","99","99","99","99","99","99","99","99","99","98","97","96","96","96","96","97","97","",
"斯洛文尼亚","SVN","DPT 免疫接种率（占 12 - 23 个月年龄组的百分比）","SH.IMM.IDPT","","","","","","","","","","","","","","","","","","","","","","","","","","","","","","","","","98","98","98","98","98","94","91","92","91","92","93","95","94","95","97","97","97","96","96","96","96","95","95","95","94","94","93","95","95","",
"瑞典","SWE","DPT 免疫接种率（占 12 - 23 个月年龄组的百分比）","SH.IMM.IDPT","","","","","","","","","","","","","","","","","","","","","99","99","99","99","99","99","99","99","99","99","99","99","99","99","99","99","99","99","99","99","99","99","99","99","99","98","98","98","98","98","98","98","98","98","97","98","98","97","97","98","97","",
"斯威士兰","SWZ","DPT 免疫接种率（占 12 - 23 个月年龄组的百分比）","SH.IMM.IDPT","","","","","","","","","","","","","","","","","","","","","","30","39","43","50","61","74","86","89","89","89","79","93","89","96","82","82","82","83","83","84","84","85","85","86","86","87","87","88","88","89","91","95","98","98","90","90","90","90","90","83","",
"圣马丁(荷属)","SXM","DPT 免疫接种率（占 12 - 23 个月年龄组的百分比）","SH.IMM.IDPT","","","","","","","","","","","","","","","","","","","","","","","","","","","","","","","","","","","","","","","","","","","","","","","","","","","","","","","","","","","","","","",
"塞舌尔","SYC","DPT 免疫接种率（占 12 - 23 个月年龄组的百分比）","SH.IMM.IDPT","","","","","","","","","","","","","","","","","","","","","","13","55","97","95","86","94","89","94","97","99","98","96","96","96","97","99","98","99","99","98","96","99","99","99","99","99","99","99","99","99","99","98","98","99","97","96","97","99","99","97","",
"阿拉伯叙利亚共和国","SYR","DPT 免疫接种率（占 12 - 23 个月年龄组的百分比）","SH.IMM.IDPT","","","","","","","","","","","","","","","","","","","","","13","14","15","21","25","29","86","42","59","94","91","89","89","90","89","89","88","87","87","86","84","82","84","83","81","80","80","80","79","80","80","72","45","41","43","41","42","48","47","54","49","",
"特克斯科斯群岛","TCA","DPT 免疫接种率（占 12 - 23 个月年龄组的百分比）","SH.IMM.IDPT","","","","","","","","","","","","","","","","","","","","","","","","","","","","","","","","","","","","","","","","","","","","","","","","","","","","","","","","","","","","","","",
"乍得","TCD","DPT 免疫接种率（占 12 - 23 个月年龄组的百分比）","SH.IMM.IDPT","","","","","","","","","","","","","","","","","","","","","","","","1","3","3","10","14","14","20","20","18","10","13","18","18","20","24","35","45","36","26","25","23","21","25","40","28","19","24","39","33","40","39","36","42","41","41","46","50","52","",
"东亚与太平洋地区 (IBRD与IDA)","TEA","DPT 免疫接种率（占 12 - 23 个月年龄组的百分比）","SH.IMM.IDPT","","","","","","","","","","","","","","","","","","","","","","","","","","","","","","","","","","","","","","","","","","","","","","","","","","","","","","","","","","","","","","",
"欧洲与中亚地区 (IBRD与IDA)","TEC","DPT 免疫接种率（占 12 - 23 个月年龄组的百分比）","SH.IMM.IDPT","","","","","","","","","","","","","","","","","","","","","","","","","","","","","","","","","","","","","","","","","","","","","","","","","","","","","","","","","","","","","","",
"多哥","TGO","DPT 免疫接种率（占 12 - 23 个月年龄组的百分比）","SH.IMM.IDPT","","","","","","","","","","","","","","","","","","","","","","9","14","18","11","24","37","61","54","72","77","73","69","66","62","58","50","42","42","57","64","50","59","72","71","82","84","82","81","78","83","85","84","84","84","82","82","83","81","84","82","",
"泰国","THA","DPT 免疫接种率（占 12 - 23 个月年龄组的百分比）","SH.IMM.IDPT","","","","","","","","","","","","","","","","","","","","","49","52","49","49","53","62","66","75","80","84","92","90","85","89","93","96","94","95","96","97","97","96","96","98","98","98","98","98","99","99","99","99","99","99","99","99","99","99","97","97","97","",
"塔吉克斯坦","TJK","DPT 免疫接种率（占 12 - 23 个月年龄组的百分比）","SH.IMM.IDPT","","","","","","","","","","","","","","","","","","","","","","","","","","","","","","","","","72","64","81","80","75","81","79","82","83","85","85","85","86","84","83","86","86","93","93","96","94","96","97","96","96","96","96","97","97","",
"土库曼斯坦","TKM","DPT 免疫接种率（占 12 - 23 个月年龄组的百分比）","SH.IMM.IDPT","","","","","","","","","","","","","","","","","","","","","","","","","","","","","","","","","84","73","90","93","97","98","99","98","97","95","98","83","97","99","98","98","96","96","96","97","97","98","98","99","98","99","99","99","98","",
"拉丁美洲与加勒比海地区 (IBRD与IDA)","TLA","DPT 免疫接种率（占 12 - 23 个月年龄组的百分比）","SH.IMM.IDPT","","","","","","","","","","","","","","","","","","","","","","","","","","","","","","","","","","","","","","","","","","","","","","","","","","","","","","","","","","","","","","",
"东帝汶","TLS","DPT 免疫接种率（占 12 - 23 个月年龄组的百分比）","SH.IMM.IDPT","","","","","","","","","","","","","","","","","","","","","","","","","","","","","","","","","","","","","","","","","","","54","55","57","55","63","70","79","72","72","67","83","82","77","76","79","83","83","90","86","",
"中东与北非地区 (IBRD与IDA)","TMN","DPT 免疫接种率（占 12 - 23 个月年龄组的百分比）","SH.IMM.IDPT","","","","","","","","","","","","","","","","","","","","","","","","","","","","","","","","","","","","","","","","","","","","","","","","","","","","","","","","","","","","","","",
"汤加","TON","DPT 免疫接种率（占 12 - 23 个月年龄组的百分比）","SH.IMM.IDPT","","","","","","","","","","","","","","","","","","","","","40","37","52","63","51","92","75","99","92","93","94","88","99","96","89","95","99","96","97","94","95","94","90","98","99","99","99","99","99","99","99","99","95","99","98","96","96","99","99","99","99","",
"南亚 (IBRD与IDA)","TSA","DPT 免疫接种率（占 12 - 23 个月年龄组的百分比）","SH.IMM.IDPT","","","","","","","","","","","","","","","","","","","","","","","","","","","","","","","","","","","","","","","","","","","","","","","","","","","","","","","","","","","","","","",
"撒哈拉以南非洲地区 (IBRD与IDA)","TSS","DPT 免疫接种率（占 12 - 23 个月年龄组的百分比）","SH.IMM.IDPT","","","","","","","","","","","","","","","","","","","","","","","","","","","","","","","","","","","","","","","","","","","","","","","","","","","","","","","","","","","","","","",
"特立尼达和多巴哥","TTO","DPT 免疫接种率（占 12 - 23 个月年龄组的百分比）","SH.IMM.IDPT","","","","","","","","","","","","","","","","","","","","","26","62","54","60","65","75","70","79","82","77","82","82","87","81","85","89","89","90","91","90","90","91","96","91","94","95","92","88","90","90","90","90","92","92","92","96","97","89","99","93","","",
"突尼斯","TUN","DPT 免疫接种率（占 12 - 23 个月年龄组的百分比）","SH.IMM.IDPT","","","","","","","","","","","","","","","","","","","","","","","","62","66","70","72","84","91","93","93","93","95","94","93","94","95","96","96","99","97","98","96","95","97","98","99","98","99","99","98","98","95","95","94","93","93","92","90","92","92","",
"土耳其","TUR","DPT 免疫接种率（占 12 - 23 个月年龄组的百分比）","SH.IMM.IDPT","","","","","","","","","","","","","","","","","","","","","42","64","58","56","56","55","45","86","86","79","84","72","77","76","87","67","72","79","81","79","85","88","78","68","85","90","90","96","96","96","97","97","97","98","96","97","98","96","98","99","98","",
"图瓦卢","TUV","DPT 免疫接种率（占 12 - 23 个月年龄组的百分比）","SH.IMM.IDPT","","","","","","","","","","","","","","","","","","","","","36","49","72","79","37","52","73","59","89","85","99","74","70","80","99","87","97","77","94","83","82","96","98","93","98","93","97","97","99","88","89","96","97","90","89","96","94","96","89","92","95","",
"坦桑尼亚","TZA","DPT 免疫接种率（占 12 - 23 个月年龄组的百分比）","SH.IMM.IDPT","","","","","","","","","","","","","","","","","","","","","59","55","50","52","58","67","74","79","85","77","78","81","83","83","84","81","82","79","79","76","79","87","89","95","95","90","90","83","86","85","91","90","92","91","97","96","92","90","89","89","86","",
"乌干达","UGA","DPT 免疫接种率（占 12 - 23 个月年龄组的百分比）","SH.IMM.IDPT","","","","","","","","","","","","","","","","","","","","","","9","12","14","14","14","21","30","38","42","45","49","53","56","60","59","57","56","48","50","52","55","57","59","62","64","64","73","71","79","80","82","83","84","85","89","93","94","93","93","89","",
"乌克兰","UKR","DPT 免疫接种率（占 12 - 23 个月年龄组的百分比）","SH.IMM.IDPT","","","","","","","","","","","","","","","","","","","","","","","","","","","","","","","","","88","93","97","98","99","99","98","99","99","99","99","97","99","96","98","98","90","71","52","50","76","76","23","23","19","50","69","80","81","",
"中高等收入国家","UMC","DPT 免疫接种率（占 12 - 23 个月年龄组的百分比）","SH.IMM.IDPT","","","","","","","","","","","","","","","","","","","","","","","","","","","","","","","","","","","","","","","","","","","","","","","","","","","","","","","","","","","","","","",
"乌拉圭","URY","DPT 免疫接种率（占 12 - 23 个月年龄组的百分比）","SH.IMM.IDPT","","","","","","","","","","","","","","","","","","","","","53","57","67","73","62","63","70","85","82","88","97","96","93","92","91","91","91","91","91","93","90","94","95","91","94","96","95","94","94","95","95","95","95","94","95","95","95","93","91","94","92","",
"美国","USA","DPT 免疫接种率（占 12 - 23 个月年龄组的百分比）","SH.IMM.IDPT","","","","","","","","","","","","","","","","","","","","","96","96","96","97","97","96","97","97","97","94","90","86","83","88","94","95","95","96","96","96","94","94","94","96","96","96","96","96","96","95","95","96","94","94","95","95","95","94","94","94","93","",
"乌兹别克斯坦","UZB","DPT 免疫接种率（占 12 - 23 个月年龄组的百分比）","SH.IMM.IDPT","","","","","","","","","","","","","","","","","","","","","","","","","","","","","","","","","90","45","67","87","95","96","99","99","99","99","99","98","99","99","96","96","98","98","99","99","99","99","99","99","99","99","98","96","95","",
"圣文森特和格林纳丁斯","VCT","DPT 免疫接种率（占 12 - 23 个月年龄组的百分比）","SH.IMM.IDPT","","","","","","","","","","","","","","","","","","","","","26","32","67","80","86","90","95","97","98","98","98","99","99","99","99","97","99","99","99","95","98","99","99","99","99","99","99","99","99","99","99","96","96","97","98","99","99","99","97","97","97","",
"委内瑞拉玻利瓦尔共和国","VEN","DPT 免疫接种率（占 12 - 23 个月年龄组的百分比）","SH.IMM.IDPT","","","","","","","","","","","","","","","","","","","","","56","54","53","58","33","49","58","57","56","57","63","64","67","67","63","68","57","60","39","76","77","70","65","68","86","87","71","62","50","84","78","78","81","82","78","87","84","66","60","64","54","",
"英屬維爾京群島","VGB","DPT 免疫接种率（占 12 - 23 个月年龄组的百分比）","SH.IMM.IDPT","","","","","","","","","","","","","","","","","","","","","","","","","","","","","","","","","","","","","","","","","","","","","","","","","","","","","","","","","","","","","","",
"美属维京群岛","VIR","DPT 免疫接种率（占 12 - 23 个月年龄组的百分比）","SH.IMM.IDPT","","","","","","","","","","","","","","","","","","","","","","","","","","","","","","","","","","","","","","","","","","","","","","","","","","","","","","","","","","","","","","",
"越南","VNM","DPT 免疫接种率（占 12 - 23 个月年龄组的百分比）","SH.IMM.IDPT","","","","","","","","","","","","","","","","","","","","","","","","4","5","42","43","50","70","88","88","88","88","91","94","93","94","95","94","93","96","96","75","99","96","95","94","92","93","96","93","95","97","59","95","97","96","94","75","89","94","",
"瓦努阿图","VUT","DPT 免疫接种率（占 12 - 23 个月年龄组的百分比）","SH.IMM.IDPT","","","","","","","","","","","","","","","","","","","","","","","22","27","28","30","31","56","58","61","76","83","77","86","74","73","67","72","72","71","71","70","70","69","69","68","68","70","73","75","77","79","82","84","86","80","81","85","85","90","78","",
"世界","WLD","DPT 免疫接种率（占 12 - 23 个月年龄组的百分比）","SH.IMM.IDPT","","","","","","","","","","","","","","","","","","","","","20","23","25","38","45","49","52","56","64","68","75","71","70","70","73","73","72","71","72","72","72","73","73","75","77","77","79","79","81","83","84","85","85","84","84","84","86","86","86","86","83","",
"萨摩亚","WSM","DPT 免疫接种率（占 12 - 23 个月年龄组的百分比）","SH.IMM.IDPT","","","","","","","","","","","","","","","","","","","","","29","66","87","89","96","89","94","93","90","66","90","79","91","92","93","94","95","96","99","97","98","90","92","90","63","59","50","65","39","64","78","82","82","85","81","84","80","74","34","58","79","",
"科索沃","XKX","DPT 免疫接种率（占 12 - 23 个月年龄组的百分比）","SH.IMM.IDPT","","","","","","","","","","","","","","","","","","","","","","","","","","","","","","","","","","","","","","","","","","","","","","","","","","","","","","","","","","","","","","",
"也门共和国","YEM","DPT 免疫接种率（占 12 - 23 个月年龄组的百分比）","SH.IMM.IDPT","","","","","","","","","","","","","","","","","","","","","1","3","4","5","7","12","13","18","36","56","84","47","50","54","33","44","47","40","68","71","74","73","65","61","72","79","78","79","78","76","76","69","67","73","73","69","71","68","65","73","72","",
"南非","ZAF","DPT 免疫接种率（占 12 - 23 个月年龄组的百分比）","SH.IMM.IDPT","","","","","","","","","","","","","","","","","","","","","","","","74","75","75","70","72","70","71","72","81","79","81","73","72","73","76","75","74","73","71","70","69","74","81","84","85","82","81","77","75","71","81","85","85","85","84","82","85","84","",
"赞比亚","ZMB","DPT 免疫接种率（占 12 - 23 个月年龄组的百分比）","SH.IMM.IDPT","","","","","","","","","","","","","","","","","","","","","","","","49","59","66","66","83","83","83","91","79","83","86","90","86","84","83","84","84","85","85","84","83","83","82","81","80","87","94","83","81","78","79","86","90","95","94","90","88","84","",
"津巴布韦","ZWE","DPT 免疫接种率（占 12 - 23 个月年龄组的百分比）","SH.IMM.IDPT","","","","","","","","","","","","","","","","","","","","","","39","46","53","60","63","75","84","85","87","88","87","86","85","87","88","90","86","84","81","78","75","71","68","65","68","70","73","75","73","89","93","95","95","91","87","90","89","89","90","86","",
